INDEX_ID,POS,NAME
3,0,database_name
3,1,table_name
4,0,database_name
4,1,table_name
4,2,index_name
4,3,stat_name
103,0,Host
103,1,User
103,2,Db
104,0,User
105,0,Host
105,1,User
106,0,HOST
106,1,USER
106,2,DEFAULT_ROLE_HOST
106,3,DEFAULT_ROLE_USER
107,0,FROM_HOST
107,1,FROM_USER
107,2,TO_HOST
107,3,TO_USER
108,0,USER
108,1,HOST
108,2,PRIV
109,0,Host
109,1,User
109,2,Password_timestamp
110,0,name
111,0,name
147,0,name
146,0,help_topic_id
149,0,name
148,0,help_category_id
152,0,help_keyword_id
152,1,help_topic_id
117,0,Server_name
119,0,Grantor
118,0,Host
118,1,User
118,2,Db
118,3,Table_name
120,0,Host
120,1,User
120,2,Db
120,3,Table_name
120,4,Column_name
151,0,name
150,0,help_keyword_id
155,0,Name
154,0,Time_zone_id
156,0,Time_zone_id
156,1,Transition_time
157,0,Time_zone_id
157,1,Transition_type_id
127,0,Transition_time
129,0,Grantor
128,0,Host
128,1,User
128,2,Db
128,3,Routine_name
128,4,Routine_type
130,0,component_id
131,0,Channel_name
132,0,Channel_name
133,0,Channel_name
133,1,Id
134,0,source_uuid
134,1,interval_start
136,0,Channel_name
136,1,Managed_name
135,0,Channel_name
135,1,Host
135,2,Port
135,3,Network_namespace
135,4,Managed_name
137,0,Channel_name
137,1,Managed_name
139,0,event
138,0,name
138,1,event
140,0,name
141,0,cost_name
142,0,cost_name
142,1,engine_name
142,2,device_type
144,0,Grantor
143,0,Host
143,1,User
143,2,Proxied_host
143,3,Proxied_user
145,0,epoch
145,1,orig_server_id
145,2,orig_epoch
153,0,variable
158,0,id
159,0,username
160,0,id
161,0,id
162,0,id

